iteration,exo_reward,human_reward,episode_return_mean,episode_len_mean,policy_loss_human,policy_loss_exo,vf_loss_human,vf_loss_exo,entropy_human,entropy_exo,num_episodes
0,566.0655971330511,494.87335929419385,1060.938956427245,1417.0,-0.061843716,0.026493551,5.2284245,7.2573338,140.16498,3.1949315,2
1,562.7141730417827,492.0859907897011,1054.800163831484,1417.0,-0.21080244,-0.04265876,5.540095,7.2808876,140.21046,3.3131273,2
2,563.9871640543028,492.3557716369998,1056.3429356913027,1417.0,-0.15581587,-0.013126317,4.1795588,7.061811,140.41153,3.1821053,2
3,565.7861451321926,492.8833254043818,1058.6694705365746,1417.0,-0.2792551,-0.15436059,3.226223,7.2872076,140.66592,3.3689592,2
4,564.1153010533037,492.43741411809833,1056.5527151714023,1417.0,-0.10503122,0.03125822,2.7330577,6.7730193,140.41812,3.3348854,2
5,564.4340471982238,492.3756346293516,1056.8096818275756,1417.0,-0.22777145,0.11934742,1.4689956,6.279857,140.75133,3.3041022,2
